Homopolymer Size	Odds of Mutation
2	0.00817473470667
3	0.023071277392942
4	0.043089430967307
5	0.067303608496949
6	0.095277307484608
7	0.139147756346614
8	0.230958686426305
9	0.329346243465396
10	0.329346243465396
11	0.273727450937204
12	0.300797778561354
13	0.300797778561354
14	0.626876002631374
15	0.626876002631374
16	0.626876002631374
